Anuj,,,+91 9928251345 
,,,anujgrover01@live.com 
Grover ,,"Pune, Maharashtra, INDIA ",
Frontend Technical Lead ,,,
"Accumulated 7+ years of software development experience, encompassing rich frontend technologies",,,
"within the Healthcare, Renewable energy, Fin-tech, and Life sciences domains. My exuberance lies in",,,
"TypeScript and JavaScript, actively contributing to projects utilizing Vue, Angular, React, and various",,,
other JavaScript frameworks. ,,,
"Additionally, navigated through Node.js, Java (Spring framework), and multiple cloud providers. Possess",,,
"expertise in managing technical architecture, system design, software development, and release",,,
"management for B2B web applications, while concurrently maintaining a comprehensive understanding",,,
of Agile Principles. ,,,
"Driven by ambition and a goal-oriented mindset, I maintain a constant eagerness to learn and adapt to",,,
new technologies. ,,,
Skills ,,,
Actively worked on - ,,,
• ,"JavaScript, TypeScript ","• Vue JS, VueX, Pinia, Angular ","• Git, X-ray, Test-rail "
• ,"HTML5, CSS, Bootstrap, Figma ","• Jest, Vitest ","• JIRA, Confluence "
• ,"Sass, Less, Accessibility ","• Webpack, Vite, Babel, Rollup, Yarn ",• System Design 
Also have Knowledge of - ,,,
• ,"React, Redux, ReactNative ","• AWS, GCP, Azure, Co-pilot ","• Mocha-chai, Jasmine "
• ,"Node, Java ","• MySQL, PostgreSQL, Cosmos-DB ","• Intel IJ, Eclipse, X-Code "
Experience ,,,
Total Exp:,7+ Years ,,
05/2021 – PRESENT ,,,
"Frontend Technical Lead / Globant India Pvt. Ltd., Pune ",,,
"Current Project: – FactSet, US – 2023 ",,,
Responsibilities: Individual Contributor ,,,
,• ,Contributing for the past two years to internal mono-repo components and libraries in Vue 3,
,"within FactSet’s intricate trading and data analytics ecosystem, enhancing functionality and",,
,integration across the platform. ,,
,• ,Constructed reusable and highly customizable UI components (JSON Schema based) specifically,
,for displaying intricate trade-related data. These components facilitated consistent and efficient,,
,"UI development across multiple applications, significantly reducing redundant work and",,
,enhancing productivity for other developers. ,,
,• ,"Built a large-scale Audit-Trail library component from scratch using Vue 3 (TS), Vite, and Vitest,",
,"capable of handling 100k+ audit records with advanced search, sort, and filter capabilities. Also",,
,"Implemented Git pipelines for deployment on an on-premise server ecosystem with SonarQube,",,
,"code linting, and code quality. ",,
• ,Participating in organizational activities - Currently serve as a Gatekeeper (final interviewer) for
,Globant & mentoring young talents in JS. 
"Project 2: – Goldman Sachs, US – 2022-23 ",
Responsibilities: Technical Lead ,
• ,"Played a key role in developing the frontend of an infrastructure provisioning product at GS,"
,designed to streamline automated IaaS provisioning for internal developers with minimal
,"manual requests and operations. Utilized React/Redux, Figma, and Balsamiq to deliver a"
,sophisticated user interface and experience. 
• ,"Gained extensive experience with tools such as Confluence, Gliffy, and JIRA for enhancing"
,requirements. Also Covering branching strategies for setting up code review guidelines & 
,internally following checks to complete Architectural checklist within agile framework. 
• ,"In Sidelines built a product for homeless people in NY area in association with GS using React,"
,Redux and GCP – letmefind.org. 
"Project 1: – Schneider Electric, Solar IOT, 2021 – 22 ",
Responsibilities: Senior Software Engineer ,
• ,Designed and implemented a solar IoT monitoring application using Angular 12 and Spring
,"Boot Java, deployed on Azure DevOps cloud (insightcloud.se.com). "
• ,Delivered on-demand data infographics and charts for over 10k+ users across mobile and web
,"platforms, utilizing Bootstrap, Chart.js, and D3.js for responsive and interactive visualizations. "
• ,"Curated a range of UX designs from inception using Figma and Balsamiq, including detailed"
,wireframes and prototypes. Employed these tools to craft intuitive and user-centered
,"interfaces, ensuring a seamless user experience from concept to final design. "
2019 – 2021 ,
"Software Engineer / Pratham Software™ Pvt. Ltd., Jaipur ",
"Project: – CISIV, UK - cisiv.com/baseline-plus ",
Responsibilities: Lead Front – End developer. ,
• ,"Developed application modules from scratch using Vue 2, JavaScript for Cisiv’s Baseline Plus,"
,"a software specifically designed for large-scale, long-term observational and real-world"
,studies for a user base of doctors in capturing and managing ‘study’ data. 
• ,Designed and matured complex admin panels and hybrid mobile application using
,"Cordova/PhoneGap, ensuring consistent rendering of Vue applications across web and"
,mobile platforms with full responsiveness. Reduced deployment time by creating PowerShell 
,scripts for automating manual Deployment processes. 
• ,"Created custom middleware solutions in Node.js/JavaScript from scratch, implemented"
,"plugin-based JavaScript customizations for the core application, and conducted"
,"comprehensive unit testing for various modules using Mocha, Chai, and Jest. "
2016 – 2019 ,,
Senior Systems Engineer /,,"Infosys LTD, Pune "
"Clients: CareFirst - Blue Cross Blue Shield Association, Pfizer, Medtronic, USA ",,
Responsibilities: Lead Front – End developer ,,
• ,"Began as a trainee in AngularJS and Java Hibernate, progressing to manage complex UI projects",
,using Angular and its newer versions. ,
• ,Contributed in Angular JS project for Medtronic in Glucose analytics (IoT) chart-based,
,"application. Developed an audit capturing application for Pfizer in Angular 4, including Jasmine /",
,Karma unit testing. ,
• ,Designed and implemented the frontend architecture for an insurance plan application in,
,"Angular 4 (web + mobile), integrating with RESTful APIs with IBM pipelines. Actively",
,involved in client requirement gathering and managing a team of four junior front-end,
,developers. ,
Achievements ,,
2023 - ‘Accrediated AWS Technical Partner’/,AWS ,2022 - ‘Client Appreciation’/ Globant India 
LINK ,,Promoted and rewarded in only one year of engagement w.r.t
,,performance. 
2020 - ‘Emerging Employee of the year’/ Pratham,,2018 - ‘Most Valuable Performer’/ Infosys 
Software ,,Presented with certificate for ‘Most Valuable Performer’ by the
Awarded and certified for 'Emerging Employee of the Year' in,,"client, CareFirst - Blue Cross Blue Shield Association, Infosys LTD. "
third quarter of 2020 ,,
Education ,,
2012 - 2016 ,,2010 - 2012 
B. Tech / SKIT Jaipur ,,"SSC/HSC / Subodh Public School, Jaipur "
Computer Science & Engineering - 73.43 % ,,HSC (PCM) – 82.6% 
,,SSC – 7.8 CGPA 
